run_id,model,run_dir,epochs,learning_rate,optimizer,weight_decay,scheduler,loss,best_epoch,val_mean_iou,test_mean_iou,test_pixel_accuracy
2026-05-11_18-08-42,unet_resnet34,D:\Studying\Diplom maga\code\outputs\unet_resnet34\runs\2026-05-11_18-08-42,,,,,,,3,0.338408,0.338648,0.904623
hp_lr_ep10_unet_resnet34_lr_lr1e-4_ep10_lr0p0001_adam_wd0_none,unet_resnet34,D:\Studying\Diplom maga\code\outputs\unet_resnet34\runs\hp_lr_ep10_unet_resnet34_lr_lr1e-4_ep10_lr0p0001_adam_wd0_none,10,0.0001,adam,0.0,none,,10,0.500843,0.517497,0.923015
hp_lr_ep10_deeplabv3plus_resnet50_lr_lr1e-4_ep10_lr0p0001_adam_wd0_none,deeplabv3plus_resnet50,D:\Studying\Diplom maga\code\outputs\deeplabv3plus_resnet50\runs\hp_lr_ep10_deeplabv3plus_resnet50_lr_lr1e-4_ep10_lr0p0001_adam_wd0_none,10,0.0001,adam,0.0,none,,9,0.563804,0.572301,0.922815
hp_lr_ep10_segformer_b0_lr_lr1e-4_ep10_lr0p0001_adam_wd0_none,segformer_b0,D:\Studying\Diplom maga\code\outputs\segformer_b0\runs\hp_lr_ep10_segformer_b0_lr_lr1e-4_ep10_lr0p0001_adam_wd0_none,10,0.0001,adam,0.0,none,,10,0.576917,0.563968,0.918485
hp_lr_ep10_unet_resnet34_lr_lr3e-5_ep10_lr3em05_adam_wd0_none,unet_resnet34,D:\Studying\Diplom maga\code\outputs\unet_resnet34\runs\hp_lr_ep10_unet_resnet34_lr_lr3e-5_ep10_lr3em05_adam_wd0_none,10,3e-05,adam,0.0,none,,10,0.370671,0.374288,0.909234
hp_lr_ep10_deeplabv3plus_resnet50_lr_lr3e-5_ep10_lr3em05_adam_wd0_none,deeplabv3plus_resnet50,D:\Studying\Diplom maga\code\outputs\deeplabv3plus_resnet50\runs\hp_lr_ep10_deeplabv3plus_resnet50_lr_lr3e-5_ep10_lr3em05_adam_wd0_none,10,3e-05,adam,0.0,none,,10,0.522873,0.543089,0.919422
hp_lr_ep10_segformer_b0_lr_lr3e-5_ep10_lr3em05_adam_wd0_none,segformer_b0,D:\Studying\Diplom maga\code\outputs\segformer_b0\runs\hp_lr_ep10_segformer_b0_lr_lr3e-5_ep10_lr3em05_adam_wd0_none,10,3e-05,adam,0.0,none,,10,0.539067,0.542273,0.915755
hp_lr_ep10_unet_resnet34_lr_lr1e-5_ep10_lr1em05_adam_wd0_none,unet_resnet34,D:\Studying\Diplom maga\code\outputs\unet_resnet34\runs\hp_lr_ep10_unet_resnet34_lr_lr1e-5_ep10_lr1em05_adam_wd0_none,10,1e-05,adam,0.0,none,,10,0.341428,0.349949,0.899525
hp_lr_ep10_deeplabv3plus_resnet50_lr_lr1e-5_ep10_lr1em05_adam_wd0_none,deeplabv3plus_resnet50,D:\Studying\Diplom maga\code\outputs\deeplabv3plus_resnet50\runs\hp_lr_ep10_deeplabv3plus_resnet50_lr_lr1e-5_ep10_lr1em05_adam_wd0_none,10,1e-05,adam,0.0,none,,10,0.438265,0.453369,0.909298
hp_lr_ep10_segformer_b0_lr_lr1e-5_ep10_lr1em05_adam_wd0_none,segformer_b0,D:\Studying\Diplom maga\code\outputs\segformer_b0\runs\hp_lr_ep10_segformer_b0_lr_lr1e-5_ep10_lr1em05_adam_wd0_none,10,1e-05,adam,0.0,none,,10,0.445504,0.474077,0.903453
optuna_all_ep10_unet_resnet34_trial000_ep10_lr2p36886em05_adam_wd0_none,unet_resnet34,D:\Studying\Diplom maga\code\outputs\unet_resnet34\runs\optuna_all_ep10_unet_resnet34_trial000_ep10_lr2p36886em05_adam_wd0_none,10,2.368863950364079e-05,adam,0.0,none,,10,0.345395,,
optuna_all_ep10_unet_resnet34_trial001_ep10_lr1p43217em05_adamw_wd1p09943em06_plateau,unet_resnet34,D:\Studying\Diplom maga\code\outputs\unet_resnet34\runs\optuna_all_ep10_unet_resnet34_trial001_ep10_lr1p43217em05_adamw_wd1p09943em06_plateau,10,1.4321698289111523e-05,adamw,1.0994335574766194e-06,plateau,,10,0.315726,,
optuna_all_ep10_unet_resnet34_trial002_ep10_lr9p33061em05_adam_wd0_plateau,unet_resnet34,D:\Studying\Diplom maga\code\outputs\unet_resnet34\runs\optuna_all_ep10_unet_resnet34_trial002_ep10_lr9p33061em05_adam_wd0_plateau,10,9.330606024425662e-05,adam,0.0,plateau,,10,0.479525,,
optuna_all_ep10_unet_resnet34_trial003_ep10_lr2p01485em05_adam_wd0_plateau,unet_resnet34,D:\Studying\Diplom maga\code\outputs\unet_resnet34\runs\optuna_all_ep10_unet_resnet34_trial003_ep10_lr2p01485em05_adam_wd0_plateau,10,2.0148477884158675e-05,adam,0.0,plateau,,10,0.326024,,
optuna_all_ep10_unet_resnet34_trial004_ep10_lr1p37878em05_adamw_wd2p50812em06_plateau,unet_resnet34,D:\Studying\Diplom maga\code\outputs\unet_resnet34\runs\optuna_all_ep10_unet_resnet34_trial004_ep10_lr1p37878em05_adamw_wd2p50812em06_plateau,10,1.378776461935377e-05,adamw,2.5081156860452325e-06,plateau,,10,0.315205,,
optuna_all_ep10_unet_resnet34_trial005_ep10_lr3p26764em05_adam_wd0_none,unet_resnet34,D:\Studying\Diplom maga\code\outputs\unet_resnet34\runs\optuna_all_ep10_unet_resnet34_trial005_ep10_lr3p26764em05_adam_wd0_none,10,3.267641765781762e-05,adam,0.0,none,,10,0.363242,,
optuna_all_ep10_unet_resnet34_trial006_ep10_lr1p16159em05_adamw_wd1p56799em06_none,unet_resnet34,D:\Studying\Diplom maga\code\outputs\unet_resnet34\runs\optuna_all_ep10_unet_resnet34_trial006_ep10_lr1p16159em05_adamw_wd1p56799em06_none,10,1.1615865989246456e-05,adamw,1.5679933916723006e-06,none,,10,0.342649,,
optuna_all_ep10_unet_resnet34_trial007_ep10_lr4p83318em05_adam_wd0_none,unet_resnet34,D:\Studying\Diplom maga\code\outputs\unet_resnet34\runs\optuna_all_ep10_unet_resnet34_trial007_ep10_lr4p83318em05_adam_wd0_none,10,4.833180632488465e-05,adam,0.0,none,,10,0.427868,,
optuna_all_ep10_unet_resnet34_trial008_ep10_lr8p1156em05_adamw_wd1p24em05_plateau,unet_resnet34,D:\Studying\Diplom maga\code\outputs\unet_resnet34\runs\optuna_all_ep10_unet_resnet34_trial008_ep10_lr8p1156em05_adamw_wd1p24em05_plateau,10,8.115595675970508e-05,adamw,1.2399967836846103e-05,plateau,,10,0.477207,,
optuna_all_ep10_unet_resnet34_trial009_ep10_lr1p53057em05_adam_wd0_none,unet_resnet34,D:\Studying\Diplom maga\code\outputs\unet_resnet34\runs\optuna_all_ep10_unet_resnet34_trial009_ep10_lr1p53057em05_adam_wd0_none,10,1.5305744365500174e-05,adam,0.0,none,,10,0.316641,,
optuna_all_ep10_unet_resnet34_trial010_ep10_lr9p53884em05_adam_wd0_plateau,unet_resnet34,D:\Studying\Diplom maga\code\outputs\unet_resnet34\runs\optuna_all_ep10_unet_resnet34_trial010_ep10_lr9p53884em05_adam_wd0_plateau,10,9.538839436462497e-05,adam,0.0,plateau,,10,0.489975,,
optuna_all_ep10_unet_resnet34_trial011_ep10_lr9p01761em05_adam_wd0_plateau,unet_resnet34,D:\Studying\Diplom maga\code\outputs\unet_resnet34\runs\optuna_all_ep10_unet_resnet34_trial011_ep10_lr9p01761em05_adam_wd0_plateau,10,9.017613421524532e-05,adam,0.0,plateau,,10,0.484867,,
optuna_all_ep10_unet_resnet34_trial012_ep10_lr6p23099em05_adam_wd0_plateau,unet_resnet34,D:\Studying\Diplom maga\code\outputs\unet_resnet34\runs\optuna_all_ep10_unet_resnet34_trial012_ep10_lr6p23099em05_adam_wd0_plateau,10,6.230989238482034e-05,adam,0.0,plateau,,10,0.453261,,
optuna_all_ep10_unet_resnet34_trial013_ep10_lr5p05967em05_adam_wd0_plateau,unet_resnet34,D:\Studying\Diplom maga\code\outputs\unet_resnet34\runs\optuna_all_ep10_unet_resnet34_trial013_ep10_lr5p05967em05_adam_wd0_plateau,10,5.059673516443075e-05,adam,0.0,plateau,,10,0.428793,,
optuna_all_ep10_unet_resnet34_trial014_ep10_lr7p06732em05_adam_wd0_plateau,unet_resnet34,D:\Studying\Diplom maga\code\outputs\unet_resnet34\runs\optuna_all_ep10_unet_resnet34_trial014_ep10_lr7p06732em05_adam_wd0_plateau,10,7.067323931843216e-05,adam,0.0,plateau,,10,0.471475,,
optuna_all_ep10_unet_resnet34_trial015_ep10_lr3p94073em05_adam_wd0_plateau,unet_resnet34,D:\Studying\Diplom maga\code\outputs\unet_resnet34\runs\optuna_all_ep10_unet_resnet34_trial015_ep10_lr3p94073em05_adam_wd0_plateau,10,3.940732059725347e-05,adam,0.0,plateau,,10,0.405664,,
optuna_all_ep10_unet_resnet34_trial016_ep10_lr8p94858em05_adam_wd0_plateau,unet_resnet34,D:\Studying\Diplom maga\code\outputs\unet_resnet34\runs\optuna_all_ep10_unet_resnet34_trial016_ep10_lr8p94858em05_adam_wd0_plateau,10,8.948583187123508e-05,adam,0.0,plateau,,10,0.491328,,
optuna_all_ep10_unet_resnet34_trial017_ep10_lr6p17783em05_adam_wd0_plateau,unet_resnet34,D:\Studying\Diplom maga\code\outputs\unet_resnet34\runs\optuna_all_ep10_unet_resnet34_trial017_ep10_lr6p17783em05_adam_wd0_plateau,10,6.177827793701867e-05,adam,0.0,plateau,,10,0.457799,,
optuna_all_ep10_unet_resnet34_trial018_ep10_lr9p76319em05_adamw_wd9p81823em05_plateau,unet_resnet34,D:\Studying\Diplom maga\code\outputs\unet_resnet34\runs\optuna_all_ep10_unet_resnet34_trial018_ep10_lr9p76319em05_adamw_wd9p81823em05_plateau,10,9.763190534227069e-05,adamw,9.818226878189116e-05,plateau,,10,0.483894,,
optuna_all_ep10_unet_resnet34_trial019_ep10_lr4p4773em05_adam_wd0_plateau,unet_resnet34,D:\Studying\Diplom maga\code\outputs\unet_resnet34\runs\optuna_all_ep10_unet_resnet34_trial019_ep10_lr4p4773em05_adam_wd0_plateau,10,4.477295959304507e-05,adam,0.0,plateau,,10,0.426542,,
optuna_all_ep10_deeplabv3plus_resnet50_trial000_ep10_lr2p36886em05_adam_wd0_none,deeplabv3plus_resnet50,D:\Studying\Diplom maga\code\outputs\deeplabv3plus_resnet50\runs\optuna_all_ep10_deeplabv3plus_resnet50_trial000_ep10_lr2p36886em05_adam_wd0_none,10,2.368863950364079e-05,adam,0.0,none,,10,0.505006,,
optuna_all_ep10_deeplabv3plus_resnet50_trial001_ep10_lr1p43217em05_adamw_wd1p09943em06_plateau,deeplabv3plus_resnet50,D:\Studying\Diplom maga\code\outputs\deeplabv3plus_resnet50\runs\optuna_all_ep10_deeplabv3plus_resnet50_trial001_ep10_lr1p43217em05_adamw_wd1p09943em06_plateau,10,1.4321698289111523e-05,adamw,1.0994335574766194e-06,plateau,,10,0.458704,,
optuna_all_ep10_deeplabv3plus_resnet50_trial002_ep10_lr9p33061em05_adam_wd0_plateau,deeplabv3plus_resnet50,D:\Studying\Diplom maga\code\outputs\deeplabv3plus_resnet50\runs\optuna_all_ep10_deeplabv3plus_resnet50_trial002_ep10_lr9p33061em05_adam_wd0_plateau,10,9.330606024425662e-05,adam,0.0,plateau,,9,0.563116,,
optuna_all_ep10_deeplabv3plus_resnet50_trial003_ep10_lr2p01485em05_adam_wd0_plateau,deeplabv3plus_resnet50,D:\Studying\Diplom maga\code\outputs\deeplabv3plus_resnet50\runs\optuna_all_ep10_deeplabv3plus_resnet50_trial003_ep10_lr2p01485em05_adam_wd0_plateau,10,2.0148477884158675e-05,adam,0.0,plateau,,10,0.492402,,
optuna_all_ep10_deeplabv3plus_resnet50_trial004_ep10_lr1p37878em05_adamw_wd2p50812em06_plateau,deeplabv3plus_resnet50,D:\Studying\Diplom maga\code\outputs\deeplabv3plus_resnet50\runs\optuna_all_ep10_deeplabv3plus_resnet50_trial004_ep10_lr1p37878em05_adamw_wd2p50812em06_plateau,10,1.378776461935377e-05,adamw,2.5081156860452325e-06,plateau,,10,0.456431,,
optuna_all_ep10_deeplabv3plus_resnet50_trial005_ep10_lr3p26764em05_adam_wd0_none,deeplabv3plus_resnet50,D:\Studying\Diplom maga\code\outputs\deeplabv3plus_resnet50\runs\optuna_all_ep10_deeplabv3plus_resnet50_trial005_ep10_lr3p26764em05_adam_wd0_none,10,3.267641765781762e-05,adam,0.0,none,,10,0.523883,,
optuna_all_ep10_deeplabv3plus_resnet50_trial006_ep10_lr1p16159em05_adamw_wd1p56799em06_none,deeplabv3plus_resnet50,D:\Studying\Diplom maga\code\outputs\deeplabv3plus_resnet50\runs\optuna_all_ep10_deeplabv3plus_resnet50_trial006_ep10_lr1p16159em05_adamw_wd1p56799em06_none,10,1.1615865989246456e-05,adamw,1.5679933916723006e-06,none,,10,0.444147,,
optuna_all_ep10_deeplabv3plus_resnet50_trial007_ep10_lr4p83318em05_adam_wd0_none,deeplabv3plus_resnet50,D:\Studying\Diplom maga\code\outputs\deeplabv3plus_resnet50\runs\optuna_all_ep10_deeplabv3plus_resnet50_trial007_ep10_lr4p83318em05_adam_wd0_none,10,4.833180632488465e-05,adam,0.0,none,,10,0.544177,,
optuna_all_ep10_deeplabv3plus_resnet50_trial008_ep10_lr8p1156em05_adamw_wd1p24em05_plateau,deeplabv3plus_resnet50,D:\Studying\Diplom maga\code\outputs\deeplabv3plus_resnet50\runs\optuna_all_ep10_deeplabv3plus_resnet50_trial008_ep10_lr8p1156em05_adamw_wd1p24em05_plateau,10,8.115595675970508e-05,adamw,1.2399967836846103e-05,plateau,,9,0.557504,,
optuna_all_ep10_deeplabv3plus_resnet50_trial009_ep10_lr1p53057em05_adam_wd0_none,deeplabv3plus_resnet50,D:\Studying\Diplom maga\code\outputs\deeplabv3plus_resnet50\runs\optuna_all_ep10_deeplabv3plus_resnet50_trial009_ep10_lr1p53057em05_adam_wd0_none,10,1.5305744365500174e-05,adam,0.0,none,,10,0.462836,,
optuna_all_ep10_deeplabv3plus_resnet50_trial010_ep10_lr9p53884em05_adam_wd0_plateau,deeplabv3plus_resnet50,D:\Studying\Diplom maga\code\outputs\deeplabv3plus_resnet50\runs\optuna_all_ep10_deeplabv3plus_resnet50_trial010_ep10_lr9p53884em05_adam_wd0_plateau,10,9.538839436462497e-05,adam,0.0,plateau,,9,0.559030,,
optuna_all_ep10_deeplabv3plus_resnet50_trial011_ep10_lr9p01761em05_adam_wd0_plateau,deeplabv3plus_resnet50,D:\Studying\Diplom maga\code\outputs\deeplabv3plus_resnet50\runs\optuna_all_ep10_deeplabv3plus_resnet50_trial011_ep10_lr9p01761em05_adam_wd0_plateau,10,9.017613421524532e-05,adam,0.0,plateau,,9,0.562304,,
optuna_all_ep10_deeplabv3plus_resnet50_trial012_ep10_lr6p23099em05_adam_wd0_plateau,deeplabv3plus_resnet50,D:\Studying\Diplom maga\code\outputs\deeplabv3plus_resnet50\runs\optuna_all_ep10_deeplabv3plus_resnet50_trial012_ep10_lr6p23099em05_adam_wd0_plateau,10,6.230989238482034e-05,adam,0.0,plateau,,9,0.549160,,
optuna_all_ep10_deeplabv3plus_resnet50_trial013_ep10_lr5p05967em05_adam_wd0_plateau,deeplabv3plus_resnet50,D:\Studying\Diplom maga\code\outputs\deeplabv3plus_resnet50\runs\optuna_all_ep10_deeplabv3plus_resnet50_trial013_ep10_lr5p05967em05_adam_wd0_plateau,10,5.059673516443075e-05,adam,0.0,plateau,,9,0.545826,,
optuna_all_ep10_deeplabv3plus_resnet50_trial014_ep10_lr7p06732em05_adam_wd0_plateau,deeplabv3plus_resnet50,D:\Studying\Diplom maga\code\outputs\deeplabv3plus_resnet50\runs\optuna_all_ep10_deeplabv3plus_resnet50_trial014_ep10_lr7p06732em05_adam_wd0_plateau,10,7.067323931843216e-05,adam,0.0,plateau,,9,0.554624,,
optuna_all_ep10_deeplabv3plus_resnet50_trial015_ep10_lr3p88678em05_adam_wd0_plateau,deeplabv3plus_resnet50,D:\Studying\Diplom maga\code\outputs\deeplabv3plus_resnet50\runs\optuna_all_ep10_deeplabv3plus_resnet50_trial015_ep10_lr3p88678em05_adam_wd0_plateau,10,3.886778682968846e-05,adam,0.0,plateau,,10,0.537868,,
optuna_all_ep10_deeplabv3plus_resnet50_trial016_ep10_lr8p92003em05_adam_wd0_plateau,deeplabv3plus_resnet50,D:\Studying\Diplom maga\code\outputs\deeplabv3plus_resnet50\runs\optuna_all_ep10_deeplabv3plus_resnet50_trial016_ep10_lr8p92003em05_adam_wd0_plateau,10,8.920029306136654e-05,adam,0.0,plateau,,9,0.563251,,
optuna_all_ep10_deeplabv3plus_resnet50_trial017_ep10_lr6p17783em05_adam_wd0_plateau,deeplabv3plus_resnet50,D:\Studying\Diplom maga\code\outputs\deeplabv3plus_resnet50\runs\optuna_all_ep10_deeplabv3plus_resnet50_trial017_ep10_lr6p17783em05_adam_wd0_plateau,10,6.177827793701867e-05,adam,0.0,plateau,,9,0.551628,,
optuna_all_ep10_deeplabv3plus_resnet50_trial018_ep10_lr5p02531em05_adamw_wd9p81823em05_plateau,deeplabv3plus_resnet50,D:\Studying\Diplom maga\code\outputs\deeplabv3plus_resnet50\runs\optuna_all_ep10_deeplabv3plus_resnet50_trial018_ep10_lr5p02531em05_adamw_wd9p81823em05_plateau,10,5.025306966392659e-05,adamw,9.818226878189116e-05,plateau,,9,0.545060,,
optuna_all_ep10_deeplabv3plus_resnet50_trial019_ep10_lr9p75992em05_adam_wd0_plateau,deeplabv3plus_resnet50,D:\Studying\Diplom maga\code\outputs\deeplabv3plus_resnet50\runs\optuna_all_ep10_deeplabv3plus_resnet50_trial019_ep10_lr9p75992em05_adam_wd0_plateau,10,9.759918974787204e-05,adam,0.0,plateau,,9,0.565727,,
optuna_all_ep10_segformer_b0_trial000_ep10_lr2p36886em05_adam_wd0_none,segformer_b0,D:\Studying\Diplom maga\code\outputs\segformer_b0\runs\optuna_all_ep10_segformer_b0_trial000_ep10_lr2p36886em05_adam_wd0_none,10,2.368863950364079e-05,adam,0.0,none,,10,0.522098,,
optuna_all_ep10_segformer_b0_trial001_ep10_lr1p43217em05_adamw_wd1p09943em06_plateau,segformer_b0,D:\Studying\Diplom maga\code\outputs\segformer_b0\runs\optuna_all_ep10_segformer_b0_trial001_ep10_lr1p43217em05_adamw_wd1p09943em06_plateau,10,1.4321698289111523e-05,adamw,1.0994335574766194e-06,plateau,,10,0.473232,,
optuna_all_ep10_segformer_b0_trial002_ep10_lr9p33061em05_adam_wd0_plateau,segformer_b0,D:\Studying\Diplom maga\code\outputs\segformer_b0\runs\optuna_all_ep10_segformer_b0_trial002_ep10_lr9p33061em05_adam_wd0_plateau,10,9.330606024425662e-05,adam,0.0,plateau,,10,0.575667,,
optuna_all_ep10_segformer_b0_trial003_ep10_lr2p01485em05_adam_wd0_plateau,segformer_b0,D:\Studying\Diplom maga\code\outputs\segformer_b0\runs\optuna_all_ep10_segformer_b0_trial003_ep10_lr2p01485em05_adam_wd0_plateau,10,2.0148477884158675e-05,adam,0.0,plateau,,10,0.501910,,
optuna_all_ep10_segformer_b0_trial004_ep10_lr1p37878em05_adamw_wd2p50812em06_plateau,segformer_b0,D:\Studying\Diplom maga\code\outputs\segformer_b0\runs\optuna_all_ep10_segformer_b0_trial004_ep10_lr1p37878em05_adamw_wd2p50812em06_plateau,10,1.378776461935377e-05,adamw,2.5081156860452325e-06,plateau,,10,0.470215,,
optuna_all_ep10_segformer_b0_trial005_ep10_lr3p26764em05_adam_wd0_none,segformer_b0,D:\Studying\Diplom maga\code\outputs\segformer_b0\runs\optuna_all_ep10_segformer_b0_trial005_ep10_lr3p26764em05_adam_wd0_none,10,3.267641765781762e-05,adam,0.0,none,,10,0.543277,,
optuna_all_ep10_segformer_b0_trial006_ep10_lr1p16159em05_adamw_wd1p56799em06_none,segformer_b0,D:\Studying\Diplom maga\code\outputs\segformer_b0\runs\optuna_all_ep10_segformer_b0_trial006_ep10_lr1p16159em05_adamw_wd1p56799em06_none,10,1.1615865989246456e-05,adamw,1.5679933916723006e-06,none,,10,0.457946,,
optuna_all_ep10_segformer_b0_trial007_ep10_lr4p83318em05_adam_wd0_none,segformer_b0,D:\Studying\Diplom maga\code\outputs\segformer_b0\runs\optuna_all_ep10_segformer_b0_trial007_ep10_lr4p83318em05_adam_wd0_none,10,4.833180632488465e-05,adam,0.0,none,,10,0.559048,,
optuna_all_ep10_segformer_b0_trial008_ep10_lr8p1156em05_adamw_wd1p24em05_plateau,segformer_b0,D:\Studying\Diplom maga\code\outputs\segformer_b0\runs\optuna_all_ep10_segformer_b0_trial008_ep10_lr8p1156em05_adamw_wd1p24em05_plateau,10,8.115595675970508e-05,adamw,1.2399967836846103e-05,plateau,,10,0.574521,,
optuna_all_ep10_segformer_b0_trial009_ep10_lr1p53057em05_adam_wd0_none,segformer_b0,D:\Studying\Diplom maga\code\outputs\segformer_b0\runs\optuna_all_ep10_segformer_b0_trial009_ep10_lr1p53057em05_adam_wd0_none,10,1.5305744365500174e-05,adam,0.0,none,,10,0.478109,,
optuna_all_ep10_segformer_b0_trial010_ep10_lr9p53884em05_adam_wd0_plateau,segformer_b0,D:\Studying\Diplom maga\code\outputs\segformer_b0\runs\optuna_all_ep10_segformer_b0_trial010_ep10_lr9p53884em05_adam_wd0_plateau,10,9.538839436462497e-05,adam,0.0,plateau,,10,0.574446,,
optuna_all_ep10_segformer_b0_trial011_ep10_lr9p4205em05_adamw_wd3p88572em05_plateau,segformer_b0,D:\Studying\Diplom maga\code\outputs\segformer_b0\runs\optuna_all_ep10_segformer_b0_trial011_ep10_lr9p4205em05_adamw_wd3p88572em05_plateau,10,9.420501180940846e-05,adamw,3.8857190594746905e-05,plateau,,10,0.575275,,
optuna_all_ep10_segformer_b0_trial012_ep10_lr5p91048em05_adamw_wd9p5849em05_plateau,segformer_b0,D:\Studying\Diplom maga\code\outputs\segformer_b0\runs\optuna_all_ep10_segformer_b0_trial012_ep10_lr5p91048em05_adamw_wd9p5849em05_plateau,10,5.9104846284584405e-05,adamw,9.584899674890296e-05,plateau,,10,0.564987,,
optuna_all_ep10_segformer_b0_trial013_ep10_lr5p97723em05_adamw_wd4p4232em05_plateau,segformer_b0,D:\Studying\Diplom maga\code\outputs\segformer_b0\runs\optuna_all_ep10_segformer_b0_trial013_ep10_lr5p97723em05_adamw_wd4p4232em05_plateau,10,5.977227849905029e-05,adamw,4.423195039291345e-05,plateau,,10,0.565489,,
optuna_all_ep10_segformer_b0_trial014_ep10_lr3p95431em05_adamw_wd1p83896em05_plateau,segformer_b0,D:\Studying\Diplom maga\code\outputs\segformer_b0\runs\optuna_all_ep10_segformer_b0_trial014_ep10_lr3p95431em05_adamw_wd1p83896em05_plateau,10,3.954306474720882e-05,adamw,1.838964609658358e-05,plateau,,10,0.551531,,
optuna_all_ep10_segformer_b0_trial015_ep10_lr7p66406em05_adam_wd0_plateau,segformer_b0,D:\Studying\Diplom maga\code\outputs\segformer_b0\runs\optuna_all_ep10_segformer_b0_trial015_ep10_lr7p66406em05_adam_wd0_plateau,10,7.66405890844888e-05,adam,0.0,plateau,,10,0.573077,,
optuna_all_ep10_segformer_b0_trial016_ep10_lr9p93094em05_adam_wd0_plateau,segformer_b0,D:\Studying\Diplom maga\code\outputs\segformer_b0\runs\optuna_all_ep10_segformer_b0_trial016_ep10_lr9p93094em05_adam_wd0_plateau,10,9.930937595431418e-05,adam,0.0,plateau,,10,0.576680,,
optuna_all_ep10_segformer_b0_trial017_ep10_lr6p0178em05_adam_wd0_plateau,segformer_b0,D:\Studying\Diplom maga\code\outputs\segformer_b0\runs\optuna_all_ep10_segformer_b0_trial017_ep10_lr6p0178em05_adam_wd0_plateau,10,6.0178028096014283e-05,adam,0.0,plateau,,10,0.565721,,
optuna_all_ep10_segformer_b0_trial018_ep10_lr7p03066em05_adam_wd0_plateau,segformer_b0,D:\Studying\Diplom maga\code\outputs\segformer_b0\runs\optuna_all_ep10_segformer_b0_trial018_ep10_lr7p03066em05_adam_wd0_plateau,10,7.030660441283872e-05,adam,0.0,plateau,,10,0.570506,,
optuna_all_ep10_segformer_b0_trial019_ep10_lr5p09192em05_adam_wd0_plateau,segformer_b0,D:\Studying\Diplom maga\code\outputs\segformer_b0\runs\optuna_all_ep10_segformer_b0_trial019_ep10_lr5p09192em05_adam_wd0_plateau,10,5.091917297724615e-05,adam,0.0,plateau,,10,0.560672,,
weighted_ce_ep10_2026-05-13_02-51-05_unet_resnet34,unet_resnet34,D:\Studying\Diplom maga\code\outputs\unet_resnet34\runs\weighted_ce_ep10_2026-05-13_02-51-05_unet_resnet34,10,0.0001,adam,0.0,none,weighted_ce,9,0.543447,0.550952,0.903917
weighted_ce_ep10_2026-05-13_02-51-05_deeplabv3plus_resnet50,deeplabv3plus_resnet50,D:\Studying\Diplom maga\code\outputs\deeplabv3plus_resnet50\runs\weighted_ce_ep10_2026-05-13_02-51-05_deeplabv3plus_resnet50,10,9.759918974787204e-05,adam,0.0,plateau,weighted_ce,7,0.553880,0.554712,0.903670
weighted_ce_ep10_2026-05-13_02-51-05_segformer_b0,segformer_b0,D:\Studying\Diplom maga\code\outputs\segformer_b0\runs\weighted_ce_ep10_2026-05-13_02-51-05_segformer_b0,10,0.0001,adam,0.0,none,weighted_ce,10,0.568392,0.554899,0.896784
final_unet_resnet34_weighted_ce_ep30,unet_resnet34,D:\Studying\Diplom maga\code\outputs\unet_resnet34\runs\final_unet_resnet34_weighted_ce_ep30,30,0.0001,adam,0.0,none,weighted_ce,30,0.601921,0.605303,0.918824
final_deeplabv3plus_resnet50_ce_ep30,deeplabv3plus_resnet50,D:\Studying\Diplom maga\code\outputs\deeplabv3plus_resnet50\runs\final_deeplabv3plus_resnet50_ce_ep30,30,9.759918974787204e-05,adam,0.0,plateau,ce,26,0.620560,0.619617,0.926652
final_segformer_b0_ce_ep30,segformer_b0,D:\Studying\Diplom maga\code\outputs\segformer_b0\runs\final_segformer_b0_ce_ep30,30,0.0001,adam,0.0,none,ce,28,0.610040,0.583784,0.923929
final_unet_resnet34_weighted_ce_ep30_v3,unet_resnet34,D:\Studying\Diplom maga\code\outputs\unet_resnet34\runs\final_unet_resnet34_weighted_ce_ep30_v3,30,0.0001,adam,0.0,none,weighted_ce,23,0.595705,0.597710,0.917865
final_deeplabv3plus_resnet50_ce_ep30_v3,deeplabv3plus_resnet50,D:\Studying\Diplom maga\code\outputs\deeplabv3plus_resnet50\runs\final_deeplabv3plus_resnet50_ce_ep30_v3,30,9.759918974787204e-05,adam,0.0,plateau,ce,28,0.616294,0.622758,0.927082
final_segformer_b0_ce_ep30_v3,segformer_b0,D:\Studying\Diplom maga\code\outputs\segformer_b0\runs\final_segformer_b0_ce_ep30_v3,30,0.0001,adam,0.0,none,ce,30,0.611783,0.587871,0.923587
